country,iso,year,house_price_index,personal_disposable_income,real_house_price_index,real_personal_disposable_income,affordability_proxy
Australia,AUS,1975,2.83,7.19,21.89,55.72,39.29
Australia,AUS,1976,3.19,8.11,21.65,55.04,39.34
Australia,AUS,1977,3.48,8.91,21.43,54.88,39.05
Australia,AUS,1978,3.75,9.85,21.28,55.91,38.06
Australia,AUS,1979,4.2,10.8,21.75,55.94,38.88
Australia,AUS,1980,5.14,11.97,24.14,56.22,42.94
Australia,AUS,1981,5.91,13.34,25.4,57.27,44.35
Australia,AUS,1982,6.14,14.81,23.9,57.66,41.45
Australia,AUS,1983,6.49,16.02,23.11,57.07,40.49
Australia,AUS,1984,7.29,17.18,24.39,57.52,42.4
Australia,AUS,1985,8.04,18.29,25.22,57.4,43.94
Australia,AUS,1986,8.69,19.51,25.25,56.73,44.51
Australia,AUS,1987,9.22,20.63,24.86,55.61,44.7
Australia,AUS,1988,11.32,22.35,28.49,56.32,50.59
Australia,AUS,1989,14.09,24.8,33.35,58.66,56.85
Australia,AUS,1990,14.33,26.58,31.88,59.13,53.92
Australia,AUS,1991,14.69,26.95,31.49,57.78,54.5
Australia,AUS,1992,14.91,27.75,31.39,58.39,53.76
Australia,AUS,1993,15.32,28.38,31.59,58.51,53.99
Australia,AUS,1994,15.87,29.71,32.22,60.31,53.42
Australia,AUS,1995,16.07,30.95,31.75,61.13,51.94
Australia,AUS,1996,16.17,32.54,31.31,63.0,49.7
Australia,AUS,1997,16.82,33.78,32.14,64.56,49.78
Australia,AUS,1998,18.08,34.22,34.08,64.52,52.82
Australia,AUS,1999,19.38,35.72,36.12,66.56,54.27
Australia,AUS,2000,20.98,37.89,37.83,68.31,55.38
Australia,AUS,2001,23.33,40.46,40.62,70.46,57.65
Australia,AUS,2002,27.94,41.44,47.39,70.32,67.39
Australia,AUS,2003,33.0,43.02,54.84,71.49,76.71
Australia,AUS,2004,35.16,45.95,57.64,75.33,76.52
Australia,AUS,2005,35.68,48.28,57.27,77.5,73.9
Australia,AUS,2006,38.46,50.81,59.57,78.71,75.68
Australia,AUS,2007,42.81,54.83,64.32,82.39,78.07
Australia,AUS,2008,44.69,58.96,65.07,85.81,75.83
Australia,AUS,2009,46.21,62.03,65.57,88.05,74.47
Australia,AUS,2010,51.82,64.57,72.0,89.73,80.24
Australia,AUS,2011,50.45,68.66,68.6,93.36,73.48
Australia,AUS,2012,49.9,70.22,66.33,93.35,71.06
Australia,AUS,2013,52.35,72.32,68.05,94.03,72.37
Australia,AUS,2014,56.2,75.15,71.85,96.08,74.78
Australia,AUS,2015,61.11,76.57,77.16,96.69,79.8
Australia,AUS,2016,63.83,77.15,80.1,96.81,82.74
Australia,AUS,2017,68.95,78.38,85.46,97.16,87.96
Australia,AUS,2018,68.75,80.74,83.82,98.43,85.16
Australia,AUS,2019,67.44,83.09,80.8,99.55,81.17
Australia,AUS,2020,71.99,88.3,85.22,104.52,81.53
Australia,AUS,2021,85.86,92.99,99.44,107.73,92.3
Australia,AUS,2022,92.44,95.93,101.84,105.64,96.4
Australia,AUS,2023,93.64,95.84,97.46,99.78,97.67
Australia,AUS,2024,100.0,100.0,100.0,100.0,100.0
Australia,AUS,2025,105.8,106.03,102.54,102.77,99.78
Belgium,BEL,1975,8.22,13.12,35.63,56.91,62.61
Belgium,BEL,1976,10.09,15.08,40.6,60.68,66.91
Belgium,BEL,1977,12.02,15.94,45.13,59.87,75.38
Belgium,BEL,1978,13.69,16.97,49.3,61.12,80.66
Belgium,BEL,1979,14.96,18.01,51.86,62.44,83.06
Belgium,BEL,1980,15.03,19.91,47.07,62.32,75.53
Belgium,BEL,1981,14.18,21.34,41.36,62.22,66.47
Belgium,BEL,1982,13.72,22.38,37.34,60.89,61.32
Belgium,BEL,1983,13.51,23.46,34.32,59.6,57.58
Belgium,BEL,1984,13.6,24.55,32.73,59.09,55.39
Belgium,BEL,1985,13.88,25.81,31.83,59.18,53.79
Belgium,BEL,1986,14.57,27.27,33.28,62.29,53.43
Belgium,BEL,1987,15.43,27.73,34.65,62.3,55.62
Belgium,BEL,1988,16.59,28.88,36.83,64.13,57.43
Belgium,BEL,1989,18.62,31.06,39.82,66.43,59.94
Belgium,BEL,1990,20.52,33.78,42.72,70.32,60.75
Belgium,BEL,1991,21.74,36.01,44.02,72.91,60.38
Belgium,BEL,1992,23.34,37.94,46.4,75.44,61.51
Belgium,BEL,1993,24.86,39.22,48.2,76.05,63.38
Belgium,BEL,1994,26.67,40.81,50.58,77.39,65.36
Belgium,BEL,1995,27.98,43.92,52.25,82.01,63.71
Belgium,BEL,1996,28.68,43.96,53.22,81.57,65.24
Belgium,BEL,1997,29.53,44.89,54.03,82.13,65.79
Belgium,BEL,1998,31.44,46.25,56.88,83.66,67.99
Belgium,BEL,1999,33.79,46.34,60.9,83.52,72.92
Belgium,BEL,2000,35.44,48.48,61.78,84.52,73.1
Belgium,BEL,2001,37.13,50.77,63.27,86.49,73.15
Belgium,BEL,2002,39.23,51.15,66.14,86.25,76.68
Belgium,BEL,2003,41.62,51.55,69.14,85.64,80.73
Belgium,BEL,2004,44.47,52.55,72.06,85.15,84.63
Belgium,BEL,2005,50.17,54.2,79.04,85.4,92.55
Belgium,BEL,2006,56.22,56.52,86.2,86.68,99.45
Belgium,BEL,2007,61.15,58.86,91.31,87.9,103.88
Belgium,BEL,2008,64.03,61.28,92.68,88.7,104.49
Belgium,BEL,2009,64.29,61.84,93.62,90.04,103.98
Belgium,BEL,2010,66.02,62.26,94.48,89.1,106.04
Belgium,BEL,2011,68.37,63.75,95.31,88.86,107.26
Belgium,BEL,2012,70.03,65.29,95.46,88.99,107.27
Belgium,BEL,2013,70.67,65.86,95.37,88.88,107.3
Belgium,BEL,2014,70.7,66.54,94.66,89.08,106.26
Belgium,BEL,2015,71.57,67.26,95.07,89.35,106.4
Belgium,BEL,2016,73.18,69.21,95.79,90.59,105.74
Belgium,BEL,2017,75.6,71.8,96.98,92.11,105.29
Belgium,BEL,2018,77.92,74.07,97.95,93.1,105.21
Belgium,BEL,2019,80.83,77.14,100.14,95.56,104.79
Belgium,BEL,2020,84.54,78.59,103.79,96.48,107.58
Belgium,BEL,2021,90.17,82.47,107.88,98.67,109.33
Belgium,BEL,2022,95.09,89.97,102.88,97.29,105.75
Belgium,BEL,2023,97.46,97.17,99.13,98.84,100.29
Belgium,BEL,2024,100.0,100.0,100.0,100.0,100.0
Belgium,BEL,2025,103.67,103.56,101.29,101.17,100.12
Canada,CAN,1975,5.69,10.48,28.17,51.88,54.3
Canada,CAN,1976,6.1,11.55,27.95,52.9,52.84
Canada,CAN,1977,6.23,12.47,26.32,52.69,49.95
Canada,CAN,1978,6.81,13.78,26.5,53.65,49.39
Canada,CAN,1979,7.59,15.16,27.06,54.1,50.02
Canada,CAN,1980,9.21,16.85,29.8,54.55,54.63
Canada,CAN,1981,12.72,19.19,36.89,55.72,66.21
Canada,CAN,1982,12.39,20.81,32.8,55.01,59.63
Canada,CAN,1983,11.77,21.73,29.06,53.62,54.2
Canada,CAN,1984,11.86,23.26,28.01,54.92,51.0
Canada,CAN,1985,12.03,25.18,27.3,57.17,47.75
Canada,CAN,1986,13.35,26.39,29.04,57.42,50.57
Canada,CAN,1987,15.85,27.92,33.17,58.45,56.75
Canada,CAN,1988,17.82,30.07,35.88,60.56,59.25
Canada,CAN,1989,20.78,32.5,40.12,62.75,63.94
Canada,CAN,1990,21.55,33.45,39.95,62.0,64.44
Canada,CAN,1991,20.36,34.25,35.98,60.55,59.42
Canada,CAN,1992,20.41,35.01,35.5,60.89,58.3
Canada,CAN,1993,20.61,35.72,35.16,60.94,57.7
Canada,CAN,1994,20.84,36.01,35.17,60.78,57.86
Canada,CAN,1995,20.66,36.47,34.4,60.71,56.66
Canada,CAN,1996,20.22,36.81,33.1,60.27,54.92
Canada,CAN,1997,20.92,38.04,33.68,61.26,54.98
Canada,CAN,1998,21.71,39.49,34.53,62.83,54.96
Canada,CAN,1999,22.21,41.18,34.75,64.43,53.93
Canada,CAN,2000,23.03,43.24,35.24,66.14,53.28
Canada,CAN,2001,23.81,45.18,35.7,67.74,52.7
Canada,CAN,2002,25.9,46.51,38.07,68.38,55.67
Canada,CAN,2003,28.45,47.44,41.16,68.64,59.97
Canada,CAN,2004,31.32,49.24,44.69,70.28,63.59
Canada,CAN,2005,33.84,50.5,47.52,70.94,66.99
Canada,CAN,2006,37.67,53.53,52.27,74.29,70.36
Canada,CAN,2007,41.63,55.81,56.93,76.35,74.56
Canada,CAN,2008,42.52,58.41,57.32,78.74,72.8
Canada,CAN,2009,41.42,59.19,55.74,79.68,69.95
Canada,CAN,2010,44.94,61.47,59.69,81.65,73.1
Canada,CAN,2011,47.76,63.19,62.11,82.18,75.58
Canada,CAN,2012,50.36,65.31,64.66,83.86,77.1
Canada,CAN,2013,51.54,67.86,65.29,85.99,75.93
Canada,CAN,2014,54.55,69.75,67.8,86.71,78.19
Canada,CAN,2015,59.25,72.64,72.9,89.39,81.55
Canada,CAN,2016,68.7,72.55,83.8,88.51,94.68
Canada,CAN,2017,75.75,75.72,91.5,91.47,100.03
Canada,CAN,2018,73.46,77.39,87.36,92.04,94.92
Canada,CAN,2019,71.65,80.23,83.84,93.89,89.3
Canada,CAN,2020,77.23,86.43,89.72,100.44,89.33
Canada,CAN,2021,97.97,89.14,110.56,100.67,109.82
Canada,CAN,2022,108.59,92.46,115.86,98.54,117.58
Canada,CAN,2023,101.54,96.07,104.28,98.66,105.7
Canada,CAN,2024,100.0,100.0,100.0,100.0,100.0
Canada,CAN,2025,97.76,102.74,95.52,100.39,95.15
Switzerland,CHE,1975,28.47,27.56,57.25,55.41,103.32
Switzerland,CHE,1976,27.34,27.79,53.78,54.65,98.41
Switzerland,CHE,1977,27.51,28.46,53.49,55.33,96.67
Switzerland,CHE,1978,28.72,29.47,55.5,56.96,97.44
Switzerland,CHE,1979,31.18,30.74,57.72,56.92,101.41
Switzerland,CHE,1980,34.19,32.39,60.56,57.37,105.56
Switzerland,CHE,1981,37.55,34.59,62.78,57.83,108.56
Switzerland,CHE,1982,39.46,36.62,62.36,57.87,107.76
Switzerland,CHE,1983,41.17,37.63,62.99,57.59,109.38
Switzerland,CHE,1984,43.51,39.0,64.59,57.89,111.57
Switzerland,CHE,1985,45.58,40.57,65.91,58.65,112.38
Switzerland,CHE,1986,48.18,42.2,68.79,60.25,114.17
Switzerland,CHE,1987,51.68,44.22,73.23,62.66,116.87
Switzerland,CHE,1988,59.13,46.68,82.33,65.01,126.64
Switzerland,CHE,1989,66.73,49.57,90.1,66.93,134.62
Switzerland,CHE,1990,66.76,52.86,85.64,67.79,126.33
Switzerland,CHE,1991,65.5,55.96,79.8,68.17,117.06
Switzerland,CHE,1992,62.77,57.61,73.66,67.59,108.98
Switzerland,CHE,1993,59.62,58.56,68.2,66.99,101.81
Switzerland,CHE,1994,59.21,59.36,67.83,68.0,99.75
Switzerland,CHE,1995,57.05,60.77,64.58,68.78,93.89
Switzerland,CHE,1996,54.1,61.23,60.8,68.82,88.35
Switzerland,CHE,1997,52.26,62.71,58.28,69.93,83.34
Switzerland,CHE,1998,51.75,64.6,57.7,72.04,80.09
Switzerland,CHE,1999,51.61,66.19,57.22,73.39,77.97
Switzerland,CHE,2000,52.15,69.08,57.34,75.96,75.49
Switzerland,CHE,2001,53.26,69.86,58.28,76.45,76.23
Switzerland,CHE,2002,55.52,68.35,61.06,75.17,81.23
Switzerland,CHE,2003,57.32,67.35,62.3,73.21,85.1
Switzerland,CHE,2004,58.56,68.64,63.16,74.03,85.32
Switzerland,CHE,2005,59.34,70.86,63.38,75.68,83.75
Switzerland,CHE,2006,60.75,73.48,63.97,77.38,82.67
Switzerland,CHE,2007,61.91,76.99,64.11,79.73,80.41
Switzerland,CHE,2008,63.68,78.2,64.87,79.67,81.42
Switzerland,CHE,2009,66.78,77.18,68.53,79.2,86.53
Switzerland,CHE,2010,69.97,78.64,71.6,80.47,88.98
Switzerland,CHE,2011,72.88,79.18,75.01,81.5,92.04
Switzerland,CHE,2012,75.61,80.38,78.59,83.55,94.06
Switzerland,CHE,2013,78.91,82.32,82.44,86.0,95.86
Switzerland,CHE,2014,80.27,83.62,83.99,87.48,96.01
Switzerland,CHE,2015,81.84,84.24,86.92,89.47,97.15
Switzerland,CHE,2016,83.07,84.63,88.4,90.06,98.16
Switzerland,CHE,2017,84.93,84.43,89.72,89.19,100.59
Switzerland,CHE,2018,85.93,85.43,89.76,89.25,100.57
Switzerland,CHE,2019,86.33,87.47,90.54,91.74,98.69
Switzerland,CHE,2020,88.6,87.58,93.29,92.22,101.16
Switzerland,CHE,2021,93.94,90.47,98.6,94.97,103.82
Switzerland,CHE,2022,98.15,93.74,100.68,96.16,104.7
Switzerland,CHE,2023,99.08,96.61,100.09,97.59,102.56
Switzerland,CHE,2024,100.0,100.0,100.0,100.0,100.0
Switzerland,CHE,2025,102.99,101.5,102.49,101.01,101.47
Germany,DEU,1975,30.27,18.25,91.8,55.33,165.91
Germany,DEU,1976,32.05,19.24,93.66,56.21,166.63
Germany,DEU,1977,34.43,20.36,97.91,57.9,169.1
Germany,DEU,1978,37.39,21.57,104.37,60.19,173.4
Germany,DEU,1979,40.33,23.22,106.49,61.33,173.63
Germany,DEU,1980,42.19,24.65,104.31,60.95,171.14
Germany,DEU,1981,45.67,25.86,106.42,60.27,176.57
Germany,DEU,1982,47.47,26.36,105.3,58.46,180.12
Germany,DEU,1983,47.48,26.78,102.07,57.58,177.27
Germany,DEU,1984,46.29,27.94,97.08,58.58,165.72
Germany,DEU,1985,45.13,28.88,93.23,59.65,156.3
Germany,DEU,1986,45.07,29.92,94.1,62.46,150.66
Germany,DEU,1987,44.54,30.96,93.12,64.73,143.86
Germany,DEU,1988,45.7,32.44,93.82,66.6,140.87
Germany,DEU,1989,47.44,34.24,93.74,67.64,138.59
Germany,DEU,1990,48.11,36.71,92.33,70.45,131.06
Germany,DEU,1991,50.35,39.12,92.93,72.19,128.73
Germany,DEU,1992,52.65,41.74,93.0,73.73,126.14
Germany,DEU,1993,54.95,43.02,93.32,73.06,127.73
Germany,DEU,1994,57.22,44.28,95.1,73.6,129.21
Germany,DEU,1995,58.37,45.23,95.6,74.09,129.03
Germany,DEU,1996,58.36,45.98,94.93,74.78,126.95
Germany,DEU,1997,57.24,46.63,92.06,74.99,122.76
Germany,DEU,1998,56.67,47.4,90.81,75.95,119.57
Germany,DEU,1999,57.22,48.86,91.18,77.84,117.14
Germany,DEU,2000,57.85,50.18,91.33,79.21,115.3
Germany,DEU,2001,58.11,52.22,89.88,80.78,111.27
Germany,DEU,2002,57.23,52.72,87.16,80.29,108.56
Germany,DEU,2003,57.53,54.37,86.1,81.37,105.81
Germany,DEU,2004,56.47,55.64,83.51,82.28,101.49
Germany,DEU,2005,57.17,57.0,83.5,83.25,100.3
Germany,DEU,2006,56.97,58.81,82.21,84.87,96.87
Germany,DEU,2007,55.56,60.26,78.66,85.31,92.2
Germany,DEU,2008,56.05,61.87,77.77,85.85,90.59
Germany,DEU,2009,56.12,62.0,77.95,86.13,90.5
Germany,DEU,2010,56.68,63.77,77.45,87.13,88.89
Germany,DEU,2011,58.42,65.79,78.24,88.12,88.79
Germany,DEU,2012,60.49,67.1,79.79,88.52,90.14
Germany,DEU,2013,62.59,67.79,81.29,88.05,92.32
Germany,DEU,2014,64.49,69.48,82.86,89.27,92.82
Germany,DEU,2015,67.46,71.25,86.22,91.08,94.66
Germany,DEU,2016,72.53,72.11,92.03,91.5,100.58
Germany,DEU,2017,77.21,74.76,96.36,93.3,103.28
Germany,DEU,2018,82.38,77.97,101.1,95.7,105.64
Germany,DEU,2019,87.54,79.94,105.93,96.73,109.51
Germany,DEU,2020,94.57,80.29,113.8,96.61,117.79
Germany,DEU,2021,106.24,84.64,123.79,98.64,125.5
Germany,DEU,2022,112.5,91.28,122.92,99.66,123.34
Germany,DEU,2023,102.12,96.26,104.56,98.54,106.11
Germany,DEU,2024,100.0,100.0,100.0,100.0,100.0
Germany,DEU,2025,103.59,103.22,101.01,100.65,100.36
Denmark,DNK,1975,10.51,11.28,51.25,54.97,93.23
Denmark,DNK,1976,11.52,12.95,51.17,57.54,88.93
Denmark,DNK,1977,13.07,14.4,53.04,58.49,90.68
Denmark,DNK,1978,15.18,15.81,57.15,59.55,95.97
Denmark,DNK,1979,16.65,17.13,57.25,58.9,97.2
Denmark,DNK,1980,16.4,18.45,51.17,57.53,88.94
Denmark,DNK,1981,15.64,20.1,43.66,56.01,77.95
Denmark,DNK,1982,15.27,23.13,38.59,58.4,66.08
Denmark,DNK,1983,18.56,24.01,43.95,56.87,77.28
Denmark,DNK,1984,21.43,26.05,47.49,57.72,82.28
Denmark,DNK,1985,25.07,26.59,53.51,56.77,94.26
Denmark,DNK,1986,27.99,28.49,59.2,60.23,98.29
Denmark,DNK,1987,25.92,29.06,52.56,58.9,89.24
Denmark,DNK,1988,26.25,30.75,51.07,59.82,85.37
Denmark,DNK,1989,26.04,32.42,48.33,60.16,80.34
Denmark,DNK,1990,24.08,33.02,43.93,60.22,72.95
Denmark,DNK,1991,24.39,34.45,43.48,61.42,70.79
Denmark,DNK,1992,23.87,35.44,42.14,62.54,67.38
Denmark,DNK,1993,23.7,35.31,41.39,61.66,67.13
Denmark,DNK,1994,26.57,36.53,45.23,62.16,72.76
Denmark,DNK,1995,28.6,39.51,47.79,66.01,72.4
Denmark,DNK,1996,31.62,40.52,51.95,66.56,78.05
Denmark,DNK,1997,35.36,41.31,57.04,66.63,85.61
Denmark,DNK,1998,38.43,43.04,61.07,68.4,89.28
Denmark,DNK,1999,40.99,43.25,63.91,67.43,94.78
Denmark,DNK,2000,43.69,44.99,66.27,68.25,97.1
Denmark,DNK,2001,46.21,47.07,68.51,69.78,98.18
Denmark,DNK,2002,47.55,49.43,69.18,71.9,96.22
Denmark,DNK,2003,48.99,51.11,70.42,73.46,95.86
Denmark,DNK,2004,53.32,52.97,75.75,75.25,100.66
Denmark,DNK,2005,62.9,54.96,87.81,76.74,114.43
Denmark,DNK,2006,77.39,56.74,105.69,77.51,136.36
Denmark,DNK,2007,80.51,57.52,108.12,77.23,140.0
Denmark,DNK,2008,76.52,58.43,99.67,76.08,131.01
Denmark,DNK,2009,67.29,60.4,86.5,77.63,111.43
Denmark,DNK,2010,68.89,63.94,86.48,80.24,107.78
Denmark,DNK,2011,66.91,66.75,82.12,81.9,100.27
Denmark,DNK,2012,64.36,67.72,77.18,81.2,95.05
Denmark,DNK,2013,65.8,68.63,78.33,81.69,95.89
Denmark,DNK,2014,67.68,69.71,80.08,82.46,97.11
Denmark,DNK,2015,71.74,71.86,84.72,84.85,99.85
Denmark,DNK,2016,74.54,74.58,87.97,88.0,99.97
Denmark,DNK,2017,77.56,77.48,90.66,90.55,100.12
Denmark,DNK,2018,80.88,80.19,94.09,93.27,100.88
Denmark,DNK,2019,83.28,82.08,96.09,94.68,101.49
Denmark,DNK,2020,86.78,83.21,99.95,95.83,104.3
Denmark,DNK,2021,97.2,86.34,109.91,97.61,112.6
Denmark,DNK,2022,99.08,92.8,104.0,97.35,106.83
Denmark,DNK,2023,96.46,97.02,98.2,98.78,99.41
Denmark,DNK,2024,100.0,100.0,100.0,100.0,100.0
Denmark,DNK,2025,105.49,101.05,102.97,98.66,104.37
Spain,ESP,1975,9.0,4.68,127.82,66.59,191.95
Spain,ESP,1976,11.01,5.55,134.43,67.67,198.66
Spain,ESP,1977,12.27,6.82,121.04,67.37,179.66
Spain,ESP,1978,15.26,8.25,126.4,68.28,185.12
Spain,ESP,1979,15.91,9.45,113.24,67.21,168.49
Spain,ESP,1980,18.01,10.63,110.47,65.36,169.02
Spain,ESP,1981,20.75,12.05,111.59,64.86,172.05
Spain,ESP,1982,17.63,13.73,83.31,64.62,128.92
Spain,ESP,1983,15.55,15.25,65.33,63.88,102.27
Spain,ESP,1984,16.98,16.39,64.28,62.17,103.39
Spain,ESP,1985,19.09,17.78,66.88,62.32,107.32
Spain,ESP,1986,17.12,20.01,55.0,64.13,85.76
Spain,ESP,1987,17.22,21.81,52.24,66.25,78.85
Spain,ESP,1988,21.52,23.8,62.31,68.95,90.37
Spain,ESP,1989,26.53,26.3,71.97,71.44,100.74
Spain,ESP,1990,30.68,29.56,78.1,75.25,103.79
Spain,ESP,1991,35.07,32.55,83.86,77.83,107.75
Spain,ESP,1992,34.6,34.63,77.68,77.8,99.85
Spain,ESP,1993,34.46,36.57,73.44,77.86,94.32
Spain,ESP,1994,34.71,37.46,70.54,76.31,92.44
Spain,ESP,1995,35.7,40.64,69.58,79.17,87.89
Spain,ESP,1996,36.17,42.54,68.62,80.66,85.07
Spain,ESP,1997,37.2,43.57,68.66,80.55,85.24
Spain,ESP,1998,39.37,45.68,71.48,83.0,86.12
Spain,ESP,1999,42.38,48.55,75.35,86.3,87.31
Spain,ESP,2000,46.01,51.2,78.55,87.47,89.8
Spain,ESP,2001,50.54,54.11,83.32,89.21,93.4
Spain,ESP,2002,58.49,56.38,93.86,90.57,103.63
Spain,ESP,2003,68.78,58.9,106.95,91.64,116.71
Spain,ESP,2004,80.77,61.35,121.34,92.24,131.55
Spain,ESP,2005,92.01,63.9,133.8,92.98,143.9
Spain,ESP,2006,101.56,66.54,142.72,93.52,152.61
Spain,ESP,2007,107.42,68.42,146.07,93.07,156.95
Spain,ESP,2008,108.19,70.13,142.03,92.17,154.1
Spain,ESP,2009,100.14,70.82,132.75,93.85,141.45
Spain,ESP,2010,96.3,71.23,125.21,92.66,135.13
Spain,ESP,2011,90.95,71.09,115.56,90.33,127.93
Spain,ESP,2012,83.01,69.76,103.38,86.93,118.92
Spain,ESP,2013,78.14,69.79,96.38,86.11,111.93
Spain,ESP,2014,76.24,71.02,93.92,87.54,107.29
Spain,ESP,2015,77.09,73.31,95.05,90.42,105.12
Spain,ESP,2016,78.53,75.54,96.63,92.97,103.94
Spain,ESP,2017,80.4,77.75,97.45,94.27,103.37
Spain,ESP,2018,83.14,79.88,99.38,95.56,104.0
Spain,ESP,2019,85.75,81.72,101.41,96.65,104.92
Spain,ESP,2020,84.81,82.18,100.25,97.18,103.16
Spain,ESP,2021,86.65,84.9,100.21,98.24,102.01
Spain,ESP,2022,90.99,89.03,98.72,96.67,102.12
Spain,ESP,2023,94.49,94.75,97.48,97.77,99.7
Spain,ESP,2024,100.0,100.0,100.0,100.0,100.0
Spain,ESP,2025,111.17,101.85,108.17,99.22,109.02
Finland,FIN,1975,10.94,7.64,62.81,43.83,143.3
Finland,FIN,1976,11.6,8.42,58.95,42.8,137.73
Finland,FIN,1977,11.95,9.18,54.74,42.01,130.3
Finland,FIN,1978,12.37,10.32,52.49,43.77,119.92
Finland,FIN,1979,13.08,11.83,51.63,46.67,110.63
Finland,FIN,1980,14.87,13.64,52.94,48.54,109.06
Finland,FIN,1981,17.08,15.13,54.78,48.53,112.88
Finland,FIN,1982,20.24,17.28,59.47,50.77,117.14
Finland,FIN,1983,24.42,19.39,66.59,52.89,125.9
Finland,FIN,1984,27.35,20.96,69.81,53.49,130.51
Finland,FIN,1985,29.17,22.66,70.65,54.9,128.69
Finland,FIN,1986,31.03,24.12,72.22,56.14,128.64
Finland,FIN,1987,33.41,26.28,75.44,59.35,127.11
Finland,FIN,1988,40.18,27.98,86.7,60.4,143.54
Finland,FIN,1989,49.89,31.45,102.51,64.62,158.64
Finland,FIN,1990,50.84,33.83,98.07,65.23,150.34
Finland,FIN,1991,45.88,36.17,84.58,66.64,126.92
Finland,FIN,1992,38.89,36.81,69.3,65.58,105.67
Finland,FIN,1993,35.25,36.0,60.61,61.92,97.88
Finland,FIN,1994,35.78,34.52,61.13,58.98,103.65
Finland,FIN,1995,34.51,37.34,58.75,63.56,92.43
Finland,FIN,1996,35.65,37.4,60.11,63.05,95.34
Finland,FIN,1997,40.16,39.82,66.4,65.86,100.82
Finland,FIN,1998,44.81,41.46,72.91,67.47,108.06
Finland,FIN,1999,48.82,43.36,78.3,69.55,112.58
Finland,FIN,2000,52.54,45.09,81.79,70.21,116.49
Finland,FIN,2001,54.24,47.17,82.22,71.51,114.98
Finland,FIN,2002,59.29,49.15,88.42,73.31,120.61
Finland,FIN,2003,64.72,51.49,95.57,76.04,125.68
Finland,FIN,2004,71.27,53.88,104.96,79.35,132.27
Finland,FIN,2005,79.35,55.38,115.62,80.7,143.27
Finland,FIN,2006,84.72,57.24,121.75,82.27,147.99
Finland,FIN,2007,89.32,60.21,125.94,84.89,148.36
Finland,FIN,2008,89.72,63.14,122.34,86.09,142.11
Finland,FIN,2009,89.71,65.13,120.04,87.16,137.72
Finland,FIN,2010,97.27,68.09,128.35,89.86,142.83
Finland,FIN,2011,99.85,71.16,127.54,90.9,140.31
Finland,FIN,2012,101.37,73.37,125.91,91.14,138.15
Finland,FIN,2013,102.71,75.03,124.57,91.01,136.88
Finland,FIN,2014,102.0,76.37,122.14,91.46,133.54
Finland,FIN,2015,101.11,78.15,120.52,93.16,129.37
Finland,FIN,2016,101.56,79.45,120.86,94.56,127.81
Finland,FIN,2017,103.04,81.42,121.38,95.91,126.56
Finland,FIN,2018,103.75,84.04,120.66,97.74,123.45
Finland,FIN,2019,104.42,87.18,120.26,100.4,119.78
Finland,FIN,2020,105.91,87.91,121.51,100.87,120.46
Finland,FIN,2021,110.24,90.6,123.75,101.71,121.67
Finland,FIN,2022,110.72,94.13,116.8,99.26,117.67
Finland,FIN,2023,103.72,97.88,104.82,98.91,105.98
Finland,FIN,2024,100.0,100.0,100.0,100.0,100.0
Finland,FIN,2025,97.53,101.08,96.42,99.94,96.48
France,FRA,1975,7.95,10.69,39.84,53.6,74.33
France,FRA,1976,9.21,11.9,42.22,54.56,77.38
France,FRA,1977,10.61,13.25,44.47,55.51,80.11
France,FRA,1978,11.85,15.12,45.71,58.31,78.39
France,FRA,1979,13.4,16.71,46.69,58.25,80.15
France,FRA,1980,16.06,18.73,49.55,57.78,85.76
France,FRA,1981,17.83,21.31,48.61,58.07,83.71
France,FRA,1982,18.83,23.95,45.98,58.47,78.64
France,FRA,1983,19.79,25.93,44.11,57.78,76.34
France,FRA,1984,20.56,27.41,42.5,56.66,75.01
France,FRA,1985,21.24,29.23,41.39,56.95,72.68
France,FRA,1986,22.23,30.83,42.15,58.46,72.1
France,FRA,1987,23.81,32.13,43.85,59.19,74.08
France,FRA,1988,26.38,33.92,47.29,60.82,77.75
France,FRA,1989,29.56,36.21,51.1,62.61,81.62
France,FRA,1990,32.16,38.59,54.06,64.86,83.35
France,FRA,1991,33.84,40.03,55.39,65.51,84.55
France,FRA,1992,33.04,41.98,52.68,66.93,78.71
France,FRA,1993,32.56,42.81,51.01,67.06,76.07
France,FRA,1994,32.5,43.36,50.39,67.22,74.96
France,FRA,1995,32.2,44.82,49.38,68.74,71.84
France,FRA,1996,32.91,45.9,49.65,69.26,71.69
France,FRA,1997,32.77,47.05,49.06,70.42,69.67
France,FRA,1998,33.44,48.5,49.98,72.47,68.97
France,FRA,1999,35.78,49.63,53.69,74.46,72.11
France,FRA,2000,38.89,52.41,57.16,77.03,74.2
France,FRA,2001,41.96,54.76,60.55,79.02,76.63
France,FRA,2002,45.61,56.68,65.14,80.95,80.47
France,FRA,2003,51.05,57.81,71.9,81.43,88.3
France,FRA,2004,58.74,59.77,81.08,82.53,98.24
France,FRA,2005,67.77,61.24,91.97,83.12,110.65
France,FRA,2006,75.94,63.99,100.93,85.05,118.67
France,FRA,2007,80.95,66.81,105.55,87.11,121.17
France,FRA,2008,81.63,68.54,103.58,86.96,119.11
France,FRA,2009,75.83,66.93,97.57,86.13,113.28
France,FRA,2010,79.72,68.48,101.32,87.05,116.39
France,FRA,2011,84.46,69.86,105.41,87.18,120.91
France,FRA,2012,84.01,70.68,103.43,87.02,118.86
France,FRA,2013,82.23,70.48,100.58,86.2,116.68
France,FRA,2014,80.76,71.54,98.59,87.33,112.89
France,FRA,2015,79.26,72.49,96.49,88.25,109.34
France,FRA,2016,79.99,73.81,97.17,89.67,108.36
France,FRA,2017,82.4,75.63,99.34,91.18,108.95
France,FRA,2018,84.88,77.71,100.45,91.97,109.22
France,FRA,2019,87.63,80.33,102.89,94.32,109.09
France,FRA,2020,92.54,80.97,107.69,94.22,114.3
France,FRA,2021,98.76,84.79,113.37,97.33,116.48
France,FRA,2022,104.95,88.5,114.77,96.76,118.61
France,FRA,2023,104.24,95.54,106.59,97.65,109.16
France,FRA,2024,100.0,100.0,100.0,100.0,100.0
France,FRA,2025,100.63,100.21,99.92,99.5,100.42
UK,GBR,1975,3.35,5.39,27.12,43.53,62.3
UK,GBR,1976,3.65,6.25,25.34,43.29,58.54
UK,GBR,1977,3.96,7.02,23.83,42.28,56.36
UK,GBR,1978,4.58,8.24,25.09,45.15,55.57
UK,GBR,1979,5.91,9.87,28.44,47.54,59.82
UK,GBR,1980,7.18,11.65,29.61,47.99,61.7
UK,GBR,1981,7.58,12.98,27.82,47.6,58.45
UK,GBR,1982,7.76,14.16,26.03,47.49,54.81
UK,GBR,1983,8.66,15.18,27.44,48.09,57.06
UK,GBR,1984,9.46,16.43,28.45,49.39,57.6
UK,GBR,1985,10.31,17.76,29.76,51.27,58.05
UK,GBR,1986,11.71,19.21,32.45,53.24,60.95
UK,GBR,1987,13.67,20.18,36.26,53.56,67.7
UK,GBR,1988,17.44,22.27,44.04,56.28,78.25
UK,GBR,1989,20.8,24.64,49.8,58.97,84.45
UK,GBR,1990,20.56,27.49,45.73,61.11,74.83
UK,GBR,1991,20.3,30.12,42.04,62.35,67.43
UK,GBR,1992,19.45,32.24,38.75,64.2,60.36
UK,GBR,1993,19.13,34.24,36.79,65.87,55.85
UK,GBR,1994,19.65,35.41,37.16,66.96,55.5
UK,GBR,1995,19.8,37.44,36.34,68.7,52.9
UK,GBR,1996,20.5,39.68,36.33,70.33,51.66
UK,GBR,1997,22.3,41.38,38.64,71.7,53.89
UK,GBR,1998,24.85,42.1,42.47,71.96,59.02
UK,GBR,1999,27.53,43.96,46.73,74.64,62.61
UK,GBR,2000,31.68,46.24,53.67,78.33,68.52
UK,GBR,2001,34.27,47.94,57.55,80.51,71.48
UK,GBR,2002,39.76,49.05,66.19,81.69,81.03
UK,GBR,2003,46.01,50.37,75.56,82.73,91.33
UK,GBR,2004,51.47,52.29,82.86,84.2,98.41
UK,GBR,2005,55.23,53.94,87.28,85.26,102.37
UK,GBR,2006,59.56,55.95,91.38,85.85,106.44
UK,GBR,2007,65.46,58.43,99.2,88.56,112.01
UK,GBR,2008,62.54,59.86,91.01,87.07,104.53
UK,GBR,2009,56.96,60.88,81.77,87.41,93.55
UK,GBR,2010,60.23,61.64,85.71,87.72,97.71
UK,GBR,2011,59.36,62.08,81.28,85.02,95.6
UK,GBR,2012,59.58,64.6,80.33,87.1,92.23
UK,GBR,2013,61.1,67.08,80.84,88.75,91.09
UK,GBR,2014,66.02,69.16,86.6,90.72,95.46
UK,GBR,2015,69.94,72.83,92.1,95.91,96.03
UK,GBR,2016,74.84,73.84,97.5,96.21,101.34
UK,GBR,2017,78.25,75.49,100.07,96.55,103.65
UK,GBR,2018,80.73,78.25,100.85,97.76,103.16
UK,GBR,2019,81.52,80.98,100.46,99.81,100.65
UK,GBR,2020,83.86,80.57,103.19,99.15,104.07
UK,GBR,2021,90.68,83.83,108.38,100.22,108.14
UK,GBR,2022,99.09,88.11,109.0,96.92,112.46
UK,GBR,2023,99.38,94.1,102.27,96.84,105.61
UK,GBR,2024,100.0,100.0,100.0,100.0,100.0
UK,GBR,2025,102.78,103.93,99.06,100.18,98.88
Ireland,IRL,1975,2.61,4.57,21.96,38.53,56.99
Ireland,IRL,1976,3.2,5.28,22.46,37.05,60.62
Ireland,IRL,1977,3.75,6.24,23.03,38.36,60.04
Ireland,IRL,1978,4.58,7.23,26.06,41.21,63.24
Ireland,IRL,1979,5.77,8.29,28.6,41.1,69.59
Ireland,IRL,1980,6.46,9.48,27.04,39.64,68.21
Ireland,IRL,1981,7.81,11.59,27.32,40.51,67.44
Ireland,IRL,1982,8.42,12.49,25.62,37.98,67.46
Ireland,IRL,1983,9.03,13.34,25.15,37.15,67.7
Ireland,IRL,1984,9.45,14.48,24.51,37.56,65.26
Ireland,IRL,1985,9.53,15.41,23.55,38.08,61.84
Ireland,IRL,1986,9.84,16.06,23.25,37.94,61.28
Ireland,IRL,1987,9.68,17.04,22.34,39.32,56.82
Ireland,IRL,1988,10.55,17.94,23.45,39.86,58.83
Ireland,IRL,1989,11.41,19.5,24.35,41.62,58.51
Ireland,IRL,1990,13.04,20.46,27.26,42.78,63.72
Ireland,IRL,1991,13.4,21.33,27.3,43.45,62.83
Ireland,IRL,1992,13.65,22.12,27.01,43.77,61.71
Ireland,IRL,1993,13.95,23.65,27.01,45.8,58.97
Ireland,IRL,1994,14.6,24.05,27.53,45.35,60.71
Ireland,IRL,1995,15.53,26.17,28.77,48.49,59.33
Ireland,IRL,1996,17.89,27.64,32.06,49.55,64.7
Ireland,IRL,1997,21.46,30.09,37.51,52.6,71.31
Ireland,IRL,1998,28.11,33.74,47.34,56.84,83.29
Ireland,IRL,1999,34.13,37.12,55.86,60.78,91.91
Ireland,IRL,2000,39.82,41.0,62.21,64.06,97.11
Ireland,IRL,2001,43.07,44.8,65.0,67.6,96.15
Ireland,IRL,2002,47.6,47.86,68.77,69.15,99.45
Ireland,IRL,2003,55.35,50.61,77.51,70.87,109.37
Ireland,IRL,2004,61.57,53.5,84.98,73.83,115.1
Ireland,IRL,2005,69.43,56.48,94.21,76.65,122.91
Ireland,IRL,2006,79.93,59.32,105.45,78.29,134.69
Ireland,IRL,2007,86.18,61.26,110.32,78.4,140.71
Ireland,IRL,2008,80.59,62.49,102.55,79.53,128.95
Ireland,IRL,2009,66.1,61.76,90.64,84.74,106.96
Ireland,IRL,2010,57.65,60.39,80.29,84.1,95.47
Ireland,IRL,2011,47.84,59.86,65.93,82.47,79.94
Ireland,IRL,2012,41.55,60.23,56.45,81.82,68.99
Ireland,IRL,2013,42.02,60.99,56.24,81.62,68.9
Ireland,IRL,2014,48.7,62.3,64.31,82.27,78.17
Ireland,IRL,2015,54.27,64.44,70.93,84.22,84.22
Ireland,IRL,2016,58.25,67.18,75.49,87.06,86.71
Ireland,IRL,2017,64.56,70.33,82.72,90.12,91.79
Ireland,IRL,2018,71.01,73.53,89.66,92.84,96.57
Ireland,IRL,2019,72.71,76.59,90.26,95.08,94.93
Ireland,IRL,2020,73.04,79.77,90.36,98.7,91.55
Ireland,IRL,2021,79.2,82.77,95.25,99.58,95.65
Ireland,IRL,2022,89.14,87.6,100.28,98.55,101.76
Ireland,IRL,2023,92.0,93.61,95.69,97.33,98.32
Ireland,IRL,2024,100.0,100.0,100.0,100.0,100.0
Ireland,IRL,2025,107.65,106.49,105.88,104.73,101.1
Italy,ITA,1975,7.72,4.99,102.61,66.15,155.12
Italy,ITA,1976,7.61,6.1,85.82,68.59,125.12
Italy,ITA,1977,8.04,7.31,77.25,70.16,110.11
Italy,ITA,1978,8.99,8.49,76.71,72.44,105.89
Italy,ITA,1979,10.03,10.28,73.96,75.83,97.53
Italy,ITA,1980,12.89,12.77,78.62,77.93,100.89
Italy,ITA,1981,18.53,15.77,96.2,81.88,117.49
Italy,ITA,1982,21.43,18.29,95.01,81.03,117.25
Italy,ITA,1983,22.41,21.25,86.19,81.69,105.51
Italy,ITA,1984,23.72,23.79,81.98,82.2,99.73
Italy,ITA,1985,24.48,26.49,77.63,83.99,92.43
Italy,ITA,1986,25.97,28.53,77.46,85.1,91.02
Italy,ITA,1987,27.29,30.79,77.41,87.34,88.63
Italy,ITA,1988,29.97,33.52,80.31,89.8,89.43
Italy,ITA,1989,39.41,36.74,99.07,92.4,107.22
Italy,ITA,1990,48.52,39.88,117.32,96.43,121.66
Italy,ITA,1991,54.73,43.66,123.51,98.52,125.37
Italy,ITA,1992,58.79,46.05,126.1,98.77,127.67
Italy,ITA,1993,59.32,46.36,120.8,94.37,128.01
Italy,ITA,1994,57.41,48.48,111.23,93.9,118.46
Italy,ITA,1995,57.89,51.52,106.35,94.62,112.4
Italy,ITA,1996,56.25,54.66,99.07,96.25,102.93
Italy,ITA,1997,53.4,55.89,92.25,96.55,95.55
Italy,ITA,1998,54.24,56.27,92.03,95.46,96.41
Italy,ITA,1999,57.11,58.48,95.33,97.61,97.66
Italy,ITA,2000,61.62,60.74,99.77,98.35,101.44
Italy,ITA,2001,66.78,63.52,105.42,100.28,105.13
Italy,ITA,2002,73.3,66.03,112.44,101.3,111.0
Italy,ITA,2003,80.81,68.43,120.25,101.85,118.07
Italy,ITA,2004,89.09,70.97,129.38,103.07,125.53
Italy,ITA,2005,96.08,72.36,136.58,102.86,132.78
Italy,ITA,2006,102.38,74.93,141.63,103.66,136.63
Italy,ITA,2007,107.86,77.29,145.87,104.54,139.54
Italy,ITA,2008,110.67,77.74,145.1,101.92,142.37
Italy,ITA,2009,106.5,75.22,140.28,99.08,141.58
Italy,ITA,2010,105.01,74.72,136.17,96.88,140.56
Italy,ITA,2011,106.52,76.36,134.24,96.23,139.5
Italy,ITA,2012,102.75,73.93,126.08,90.71,138.99
Italy,ITA,2013,96.36,73.93,116.93,89.71,130.34
Italy,ITA,2014,91.62,74.56,110.9,90.24,122.89
Italy,ITA,2015,88.51,75.77,106.99,91.57,116.84
Italy,ITA,2016,88.91,77.14,106.91,92.75,115.27
Italy,ITA,2017,87.98,79.1,104.38,93.85,111.22
Italy,ITA,2018,87.58,81.48,102.55,95.39,107.51
Italy,ITA,2019,87.62,82.45,101.69,95.67,106.29
Italy,ITA,2020,89.76,80.84,103.88,93.57,111.02
Italy,ITA,2021,91.71,85.46,104.62,97.49,107.31
Italy,ITA,2022,95.3,91.59,101.86,97.83,104.12
Italy,ITA,2023,96.45,97.22,98.12,98.9,99.21
Italy,ITA,2024,100.0,100.0,100.0,100.0,100.0
Italy,ITA,2025,103.99,104.25,102.51,102.76,99.76
Japan,JPN,1975,58.46,29.26,106.73,53.43,199.76
Japan,JPN,1976,59.69,32.91,99.24,54.71,181.39
Japan,JPN,1977,62.2,35.7,96.2,55.31,173.93
Japan,JPN,1978,65.49,38.5,96.79,56.96,169.93
Japan,JPN,1979,71.22,40.63,101.59,57.96,175.28
Japan,JPN,1980,80.64,43.66,107.33,58.26,184.23
Japan,JPN,1981,89.79,46.84,115.19,60.11,191.63
Japan,JPN,1982,97.2,49.2,121.54,61.57,197.4
Japan,JPN,1983,102.16,51.06,125.33,62.75,199.73
Japan,JPN,1984,105.58,53.19,127.4,64.18,198.5
Japan,JPN,1985,108.22,55.36,128.53,65.82,195.27
Japan,JPN,1986,110.74,56.47,130.71,66.75,195.82
Japan,JPN,1987,118.47,57.3,139.6,67.67,206.3
Japan,JPN,1988,125.82,60.34,147.53,70.83,208.29
Japan,JPN,1989,134.46,64.08,154.8,73.79,209.78
Japan,JPN,1990,153.34,68.89,172.06,77.36,222.41
Japan,JPN,1991,162.3,73.38,176.51,79.91,220.89
Japan,JPN,1992,156.56,74.98,167.16,80.07,208.77
Japan,JPN,1993,149.48,75.48,157.89,79.83,197.78
Japan,JPN,1994,145.74,76.63,152.66,80.39,189.9
Japan,JPN,1995,143.48,77.08,150.81,81.03,186.12
Japan,JPN,1996,140.77,76.98,147.75,80.88,182.68
Japan,JPN,1997,138.77,78.14,143.84,81.09,177.38
Japan,JPN,1998,136.65,78.2,141.57,81.07,174.63
Japan,JPN,1999,132.52,77.47,138.15,80.84,170.89
Japan,JPN,2000,127.62,76.26,134.34,80.39,167.11
Japan,JPN,2001,122.15,75.71,130.31,80.84,161.19
Japan,JPN,2002,115.77,75.29,125.31,81.56,153.64
Japan,JPN,2003,108.67,74.93,118.85,82.06,144.83
Japan,JPN,2004,101.9,75.76,112.14,83.46,134.36
Japan,JPN,2005,96.75,76.72,107.34,85.18,126.02
Japan,JPN,2006,93.59,78.25,103.88,86.97,119.44
Japan,JPN,2007,92.56,79.71,103.06,88.78,116.08
Japan,JPN,2008,90.69,79.99,100.35,88.68,113.16
Japan,JPN,2009,84.43,79.71,95.61,90.31,105.87
Japan,JPN,2010,85.13,79.69,97.87,91.69,106.74
Japan,JPN,2011,84.9,79.81,98.11,92.33,106.26
Japan,JPN,2012,83.82,80.08,97.5,93.26,104.55
Japan,JPN,2013,84.73,81.33,98.7,94.81,104.1
Japan,JPN,2014,84.82,82.63,96.84,94.48,102.5
Japan,JPN,2015,85.14,84.51,96.66,96.02,100.67
Japan,JPN,2016,85.81,85.63,97.72,97.58,100.14
Japan,JPN,2017,86.61,86.69,98.16,98.33,99.83
Japan,JPN,2018,87.19,88.15,98.11,99.3,98.8
Japan,JPN,2019,87.62,90.24,97.74,100.83,96.94
Japan,JPN,2020,86.33,93.49,95.5,103.36,92.4
Japan,JPN,2021,90.84,92.96,99.49,101.96,97.58
Japan,JPN,2022,97.99,95.44,103.89,101.28,102.58
Japan,JPN,2023,99.59,96.93,102.11,99.56,102.56
Japan,JPN,2024,100.0,100.0,100.0,100.0,100.0
Japan,JPN,2025,102.21,101.3,99.29,98.53,100.77
S. Korea,KOR,1975,5.43,1.05,83.65,16.19,516.68
S. Korea,KOR,1976,6.87,1.39,89.75,18.1,495.86
S. Korea,KOR,1977,8.59,1.71,97.16,19.31,503.16
S. Korea,KOR,1978,11.2,2.25,103.95,20.91,497.13
S. Korea,KOR,1979,15.46,2.76,120.61,21.6,558.38
S. Korea,KOR,1980,19.6,3.14,119.52,19.19,622.82
S. Korea,KOR,1981,23.77,3.86,122.17,19.82,616.4
S. Korea,KOR,1982,24.32,4.29,118.73,20.94,567.0
S. Korea,KOR,1983,29.82,4.81,140.96,22.75,619.6
S. Korea,KOR,1984,30.72,5.43,140.05,24.73,566.32
S. Korea,KOR,1985,30.72,5.93,135.56,26.17,518.0
S. Korea,KOR,1986,29.36,6.85,127.19,29.66,428.83
S. Korea,KOR,1987,29.48,7.88,122.98,32.89,373.91
S. Korea,KOR,1988,34.06,9.16,134.41,36.16,371.71
S. Korea,KOR,1989,38.87,10.29,144.65,38.29,377.77
S. Korea,KOR,1990,45.52,12.0,155.28,40.92,379.47
S. Korea,KOR,1991,50.23,14.75,154.25,45.26,340.81
S. Korea,KOR,1992,46.96,16.63,133.19,47.14,282.54
S. Korea,KOR,1993,45.34,18.44,120.59,49.0,246.1
S. Korea,KOR,1994,44.62,21.36,108.21,51.77,209.02
S. Korea,KOR,1995,44.54,23.86,101.5,54.36,186.72
S. Korea,KOR,1996,44.87,26.66,95.73,56.87,168.33
S. Korea,KOR,1997,46.21,28.38,92.94,57.07,162.85
S. Korea,KOR,1998,41.95,28.82,79.51,54.64,145.52
S. Korea,KOR,1999,41.4,29.87,76.6,55.26,138.62
S. Korea,KOR,2000,42.15,31.11,74.46,54.95,135.51
S. Korea,KOR,2001,43.81,33.14,74.33,56.24,132.17
S. Korea,KOR,2002,51.11,35.52,84.02,58.4,143.87
S. Korea,KOR,2003,55.72,37.67,88.56,59.87,147.92
S. Korea,KOR,2004,56.36,40.66,86.76,62.59,138.62
S. Korea,KOR,2005,56.81,42.37,85.51,63.79,134.05
S. Korea,KOR,2006,60.32,44.03,89.34,65.22,136.98
S. Korea,KOR,2007,65.76,46.46,95.51,67.48,141.54
S. Korea,KOR,2008,68.4,49.7,95.02,69.06,137.59
S. Korea,KOR,2009,68.52,50.6,92.74,68.49,135.41
S. Korea,KOR,2010,70.2,53.4,92.69,70.51,131.46
S. Korea,KOR,2011,73.87,55.96,94.02,71.24,131.98
S. Korea,KOR,2012,75.99,58.03,94.55,72.21,130.94
S. Korea,KOR,2013,75.67,60.36,93.11,74.27,125.37
S. Korea,KOR,2014,76.82,63.09,93.34,76.66,121.76
S. Korea,KOR,2015,79.38,67.08,95.54,80.74,118.33
S. Korea,KOR,2016,81.49,68.68,96.8,81.58,118.66
S. Korea,KOR,2017,82.55,70.61,96.16,82.26,116.9
S. Korea,KOR,2018,84.39,73.85,96.94,84.83,114.28
S. Korea,KOR,2019,85.59,77.18,97.63,88.04,110.89
S. Korea,KOR,2020,88.84,80.34,100.38,90.79,110.56
S. Korea,KOR,2021,100.9,83.34,111.18,91.87,121.02
S. Korea,KOR,2022,107.55,88.25,113.55,93.15,121.9
S. Korea,KOR,2023,101.08,93.9,103.06,95.73,107.66
S. Korea,KOR,2024,100.0,100.0,100.0,100.0,100.0
S. Korea,KOR,2025,100.25,103.51,98.45,101.65,96.85
Luxembourg,LUX,1975,3.6,7.22,16.14,32.35,49.89
Luxembourg,LUX,1976,4.68,8.66,19.19,35.5,54.06
Luxembourg,LUX,1977,5.61,9.29,21.77,36.04,60.41
Luxembourg,LUX,1978,6.17,10.05,23.16,37.73,61.38
Luxembourg,LUX,1979,6.75,10.99,24.15,39.31,61.43
Luxembourg,LUX,1980,7.36,12.67,24.49,42.15,58.1
Luxembourg,LUX,1981,7.64,14.71,23.43,45.06,52.0
Luxembourg,LUX,1982,7.38,17.79,20.47,49.28,41.54
Luxembourg,LUX,1983,7.44,19.93,19.04,51.03,37.31
Luxembourg,LUX,1984,7.83,20.99,18.82,50.45,37.3
Luxembourg,LUX,1985,8.28,22.05,19.04,50.71,37.55
Luxembourg,LUX,1986,9.21,23.54,21.12,53.96,39.14
Luxembourg,LUX,1987,9.95,24.04,22.6,54.63,41.37
Luxembourg,LUX,1988,11.52,25.45,25.59,56.55,45.25
Luxembourg,LUX,1989,13.79,28.4,29.66,61.1,48.54
Luxembourg,LUX,1990,15.73,31.79,32.67,66.01,49.49
Luxembourg,LUX,1991,16.99,35.47,34.13,71.27,47.89
Luxembourg,LUX,1992,18.74,37.34,36.11,71.96,50.18
Luxembourg,LUX,1993,18.49,39.64,34.27,73.49,46.63
Luxembourg,LUX,1994,18.82,40.52,33.99,73.18,46.45
Luxembourg,LUX,1995,18.87,44.17,33.96,79.47,42.73
Luxembourg,LUX,1996,20.13,45.62,35.69,80.89,44.12
Luxembourg,LUX,1997,20.85,47.82,36.45,83.6,43.6
Luxembourg,LUX,1998,21.59,50.47,37.15,86.83,42.78
Luxembourg,LUX,1999,22.98,51.12,38.65,86.0,44.94
Luxembourg,LUX,2000,24.65,51.03,40.19,83.24,48.28
Luxembourg,LUX,2001,28.1,50.37,44.8,80.31,55.78
Luxembourg,LUX,2002,30.47,52.06,47.92,81.91,58.5
Luxembourg,LUX,2003,33.87,51.64,52.15,79.51,65.59
Luxembourg,LUX,2004,38.63,54.5,58.22,82.15,70.87
Luxembourg,LUX,2005,42.29,58.23,61.8,85.1,72.62
Luxembourg,LUX,2006,45.76,60.66,65.27,86.53,75.43
Luxembourg,LUX,2007,46.68,64.55,65.14,90.06,72.33
Luxembourg,LUX,2008,46.27,68.71,62.42,92.68,67.35
Luxembourg,LUX,2009,46.65,68.59,63.49,93.35,68.01
Luxembourg,LUX,2010,48.82,69.97,65.11,93.33,69.76
Luxembourg,LUX,2011,50.59,71.43,65.48,92.44,70.84
Luxembourg,LUX,2012,49.92,72.87,63.22,92.3,68.49
Luxembourg,LUX,2013,53.95,76.25,67.45,95.33,70.75
Luxembourg,LUX,2014,57.27,77.76,71.17,96.63,73.65
Luxembourg,LUX,2015,60.15,74.73,74.11,92.07,80.49
Luxembourg,LUX,2016,63.29,75.08,77.52,91.96,84.3
Luxembourg,LUX,2017,67.6,77.51,81.03,92.92,87.2
Luxembourg,LUX,2018,72.35,79.72,85.11,93.79,90.75
Luxembourg,LUX,2019,80.65,82.83,93.79,96.33,97.36
Luxembourg,LUX,2020,96.2,86.72,111.76,100.76,110.92
Luxembourg,LUX,2021,105.23,88.04,119.64,100.11,119.51
Luxembourg,LUX,2022,112.47,92.18,120.84,99.01,122.05
Luxembourg,LUX,2023,105.01,96.33,107.84,98.89,109.05
Luxembourg,LUX,2024,100.0,100.0,100.0,100.0,100.0
Luxembourg,LUX,2025,101.19,102.27,99.23,100.29,98.94
Netherlands,NLD,1975,8.86,17.05,32.88,63.31,51.93
Netherlands,NLD,1976,11.86,19.11,40.36,65.12,61.98
Netherlands,NLD,1977,16.43,20.53,52.73,65.91,80.0
Netherlands,NLD,1978,17.79,21.9,54.9,67.54,81.29
Netherlands,NLD,1979,16.87,22.99,49.68,67.69,73.39
Netherlands,NLD,1980,15.47,21.79,42.65,60.04,71.04
Netherlands,NLD,1981,13.92,22.67,36.07,58.67,61.48
Netherlands,NLD,1982,12.39,23.63,30.53,58.23,52.43
Netherlands,NLD,1983,12.61,23.62,30.2,56.55,53.4
Netherlands,NLD,1984,12.52,24.44,29.37,57.3,51.26
Netherlands,NLD,1985,12.54,25.41,28.7,58.16,49.35
Netherlands,NLD,1986,13.14,26.06,30.01,59.53,50.41
Netherlands,NLD,1987,13.76,26.2,31.41,59.82,52.51
Netherlands,NLD,1988,14.38,26.5,32.93,60.66,54.29
Netherlands,NLD,1989,15.35,28.4,34.55,63.93,54.04
Netherlands,NLD,1990,15.65,30.88,34.76,68.55,50.71
Netherlands,NLD,1991,16.05,31.11,34.4,66.68,51.59
Netherlands,NLD,1992,17.39,32.82,36.16,68.24,52.99
Netherlands,NLD,1993,18.83,32.77,38.32,66.68,57.47
Netherlands,NLD,1994,20.72,34.12,41.12,67.7,60.74
Netherlands,NLD,1995,21.53,35.69,41.71,69.14,60.33
Netherlands,NLD,1996,23.68,37.28,45.36,71.42,63.51
Netherlands,NLD,1997,26.38,39.59,49.45,74.21,66.64
Netherlands,NLD,1998,29.15,41.61,53.77,76.75,70.06
Netherlands,NLD,1999,33.76,43.73,61.17,79.25,77.19
Netherlands,NLD,2000,39.77,46.13,70.03,81.24,86.2
Netherlands,NLD,2001,44.21,50.06,75.38,85.36,88.31
Netherlands,NLD,2002,46.96,51.26,77.25,84.32,91.62
Netherlands,NLD,2003,48.7,51.47,78.27,82.71,94.63
Netherlands,NLD,2004,50.77,51.88,80.39,82.14,97.87
Netherlands,NLD,2005,52.75,52.48,82.1,81.67,100.53
Netherlands,NLD,2006,55.12,54.57,83.46,82.61,101.03
Netherlands,NLD,2007,57.5,56.57,85.22,83.83,101.66
Netherlands,NLD,2008,59.32,58.17,85.9,84.21,102.01
Netherlands,NLD,2009,57.39,57.75,84.03,84.55,99.38
Netherlands,NLD,2010,56.27,58.49,81.1,84.3,96.2
Netherlands,NLD,2011,54.98,59.93,77.12,84.04,91.77
Netherlands,NLD,2012,51.54,60.15,71.53,83.45,85.72
Netherlands,NLD,2013,48.28,60.44,65.72,82.26,79.89
Netherlands,NLD,2014,48.87,62.46,65.94,84.26,78.26
Netherlands,NLD,2015,50.49,64.56,68.04,86.99,78.22
Netherlands,NLD,2016,53.26,66.68,71.26,89.21,79.88
Netherlands,NLD,2017,57.57,68.21,75.54,89.5,84.4
Netherlands,NLD,2018,62.88,71.63,80.84,92.08,87.79
Netherlands,NLD,2019,67.3,74.94,84.55,94.14,89.81
Netherlands,NLD,2020,72.61,77.88,89.38,95.86,93.24
Netherlands,NLD,2021,83.54,82.22,98.56,97.03,101.58
Netherlands,NLD,2022,94.65,88.39,103.96,96.97,107.21
Netherlands,NLD,2023,91.95,95.54,94.34,98.01,96.26
Netherlands,NLD,2024,100.0,100.0,100.0,100.0,100.0
Netherlands,NLD,2025,108.58,104.21,105.96,101.71,104.18
Norway,NOR,1975,5.46,5.56,33.46,34.09,98.15
Norway,NOR,1976,5.96,6.54,33.65,36.95,91.07
Norway,NOR,1977,6.57,7.44,34.15,38.69,88.27
Norway,NOR,1978,6.87,8.24,33.12,39.72,83.38
Norway,NOR,1979,7.14,8.61,32.69,39.4,82.97
Norway,NOR,1980,7.88,9.7,32.91,40.48,81.3
Norway,NOR,1981,8.67,11.19,32.06,41.34,77.55
Norway,NOR,1982,9.48,12.42,31.46,41.23,76.3
Norway,NOR,1983,10.13,13.59,31.03,41.62,74.56
Norway,NOR,1984,11.55,14.86,33.35,42.91,77.72
Norway,NOR,1985,13.95,15.98,38.05,43.65,87.17
Norway,NOR,1986,18.28,17.41,46.62,44.44,104.91
Norway,NOR,1987,19.84,18.69,46.78,44.07,106.15
Norway,NOR,1988,20.58,19.93,45.85,44.39,103.29
Norway,NOR,1989,19.26,21.18,40.92,44.97,90.99
Norway,NOR,1990,17.86,22.51,36.28,45.71,79.37
Norway,NOR,1991,16.71,23.9,32.73,46.81,69.92
Norway,NOR,1992,16.49,25.37,31.6,48.6,65.02
Norway,NOR,1993,16.62,26.78,31.06,50.07,62.03
Norway,NOR,1994,18.35,27.36,33.96,50.66,67.04
Norway,NOR,1995,19.87,28.67,35.94,51.86,69.3
Norway,NOR,1996,21.38,29.98,38.2,53.56,71.32
Norway,NOR,1997,23.31,31.66,40.67,55.24,73.62
Norway,NOR,1998,25.06,34.09,42.64,58.01,73.5
Norway,NOR,1999,26.99,35.32,45.03,58.95,76.39
Norway,NOR,2000,30.16,36.94,48.92,59.91,81.66
Norway,NOR,2001,32.32,38.69,51.3,61.4,83.55
Norway,NOR,2002,33.23,40.76,52.02,63.81,81.52
Norway,NOR,2003,33.79,42.96,51.46,65.43,78.65
Norway,NOR,2004,37.07,44.99,55.84,67.79,82.37
Norway,NOR,2005,39.88,46.69,59.49,69.65,85.41
Norway,NOR,2006,44.85,47.39,65.79,69.53,94.62
Norway,NOR,2007,50.77,48.97,73.73,71.11,103.68
Norway,NOR,2008,51.18,50.85,72.06,71.57,100.68
Norway,NOR,2009,51.85,52.91,71.41,72.88,97.98
Norway,NOR,2010,56.03,55.3,75.8,74.81,101.32
Norway,NOR,2011,60.05,57.61,80.53,77.26,104.23
Norway,NOR,2012,63.58,60.39,84.6,80.35,105.29
Norway,NOR,2013,66.08,63.2,86.41,82.63,104.57
Norway,NOR,2014,68.04,66.04,87.38,84.82,103.02
Norway,NOR,2015,71.33,68.85,89.97,86.83,103.62
Norway,NOR,2016,75.19,71.27,92.57,87.75,105.49
Norway,NOR,2017,78.55,73.78,95.28,89.49,106.47
Norway,NOR,2018,79.92,76.62,95.3,91.37,104.3
Norway,NOR,2019,81.85,79.6,96.17,93.53,102.82
Norway,NOR,2020,84.99,82.84,98.96,96.46,102.59
Norway,NOR,2021,94.4,88.13,107.62,100.47,107.12
Norway,NOR,2022,99.11,92.17,107.91,100.34,107.54
Norway,NOR,2023,97.97,95.65,101.41,98.99,102.44
Norway,NOR,2024,100.0,100.0,100.0,100.0,100.0
Norway,NOR,2025,105.22,104.86,101.82,101.47,100.34
New Zealand,NZL,1975,2.72,5.14,28.78,54.39,52.91
New Zealand,NZL,1976,2.91,5.77,25.87,51.24,50.49
New Zealand,NZL,1977,3.1,6.35,23.8,48.73,48.84
New Zealand,NZL,1978,3.17,7.18,21.94,49.67,44.17
New Zealand,NZL,1979,3.33,8.45,19.73,49.92,39.52
New Zealand,NZL,1980,3.64,9.62,18.18,48.02,37.86
New Zealand,NZL,1981,4.49,11.45,19.4,49.57,39.14
New Zealand,NZL,1982,5.9,13.17,22.03,49.23,44.75
New Zealand,NZL,1983,6.48,13.5,22.94,47.8,47.99
New Zealand,NZL,1984,7.31,15.09,23.72,48.93,48.48
New Zealand,NZL,1985,8.35,17.34,23.21,48.2,48.15
New Zealand,NZL,1986,9.21,20.25,22.85,50.21,45.51
New Zealand,NZL,1987,10.78,24.26,24.12,54.26,44.45
New Zealand,NZL,1988,12.19,26.5,25.84,56.17,46.0
New Zealand,NZL,1989,12.95,28.2,26.01,56.62,45.94
New Zealand,NZL,1990,13.71,29.12,26.12,55.49,47.07
New Zealand,NZL,1991,13.51,29.37,25.15,54.67,46.0
New Zealand,NZL,1992,13.56,28.52,24.84,52.28,47.51
New Zealand,NZL,1993,14.15,28.8,25.76,52.44,49.12
New Zealand,NZL,1994,15.82,29.56,28.52,53.29,53.52
New Zealand,NZL,1995,17.31,31.33,30.6,55.39,55.24
New Zealand,NZL,1996,19.47,32.98,33.74,57.17,59.02
New Zealand,NZL,1997,20.63,34.67,35.33,59.38,59.5
New Zealand,NZL,1998,20.23,34.9,34.11,58.85,57.96
New Zealand,NZL,1999,20.62,36.79,34.53,61.62,56.04
New Zealand,NZL,2000,20.46,37.9,33.58,62.19,54.0
New Zealand,NZL,2001,20.67,37.89,33.22,60.89,54.56
New Zealand,NZL,2002,22.42,38.7,35.29,60.94,57.91
New Zealand,NZL,2003,26.73,39.38,41.87,61.7,67.86
New Zealand,NZL,2004,31.64,42.15,48.94,65.21,75.05
New Zealand,NZL,2005,36.19,44.15,54.92,67.01,81.96
New Zealand,NZL,2006,39.88,46.05,58.77,67.88,86.58
New Zealand,NZL,2007,44.33,49.76,64.28,72.17,89.07
New Zealand,NZL,2008,42.39,52.27,59.28,73.08,81.12
New Zealand,NZL,2009,41.68,53.62,56.74,72.99,77.74
New Zealand,NZL,2010,42.55,56.28,57.23,75.69,75.61
New Zealand,NZL,2011,42.82,59.07,55.95,77.18,72.49
New Zealand,NZL,2012,44.77,62.01,58.05,80.41,72.19
New Zealand,NZL,2013,48.79,61.78,62.82,79.55,78.97
New Zealand,NZL,2014,51.94,64.68,66.29,82.56,80.29
New Zealand,NZL,2015,58.21,64.35,73.71,81.51,90.43
New Zealand,NZL,2016,66.41,66.84,83.54,84.09,99.35
New Zealand,NZL,2017,70.68,69.92,87.55,86.61,101.09
New Zealand,NZL,2018,73.0,73.29,89.26,89.63,99.59
New Zealand,NZL,2019,74.96,77.18,90.18,92.85,97.12
New Zealand,NZL,2020,82.98,81.05,98.23,95.97,102.35
New Zealand,NZL,2021,106.12,87.63,122.04,100.84,121.02
New Zealand,NZL,2022,106.56,91.6,115.47,99.18,116.42
New Zealand,NZL,2023,99.54,95.05,102.14,97.55,104.71
New Zealand,NZL,2024,100.0,100.0,100.0,100.0,100.0
New Zealand,NZL,2025,99.59,103.17,97.06,100.56,96.52
Sweden,SWE,1975,6.34,7.11,46.65,52.26,89.27
Sweden,SWE,1976,7.31,8.02,48.43,53.11,91.19
Sweden,SWE,1977,8.49,8.9,50.8,53.26,95.38
Sweden,SWE,1978,9.57,9.88,51.29,52.95,96.86
Sweden,SWE,1979,10.54,10.69,52.34,53.08,98.61
Sweden,SWE,1980,10.86,11.95,48.0,52.81,90.89
Sweden,SWE,1981,10.75,12.67,43.2,50.87,84.92
Sweden,SWE,1982,10.86,13.66,39.59,49.79,79.51
Sweden,SWE,1983,10.86,15.01,35.66,49.27,72.38
Sweden,SWE,1984,11.29,16.27,34.6,49.87,69.38
Sweden,SWE,1985,11.72,17.81,33.62,51.08,65.82
Sweden,SWE,1986,12.38,19.26,33.89,52.71,64.3
Sweden,SWE,1987,13.97,20.7,36.31,53.82,67.47
Sweden,SWE,1988,16.5,21.9,40.34,53.56,75.32
Sweden,SWE,1989,19.6,23.85,45.0,54.76,82.18
Sweden,SWE,1990,21.92,26.6,45.76,55.51,82.44
Sweden,SWE,1991,23.42,30.55,44.29,57.75,76.69
Sweden,SWE,1992,21.22,32.12,39.17,59.29,66.07
Sweden,SWE,1993,18.87,32.35,32.99,56.55,58.34
Sweden,SWE,1994,19.73,32.92,33.57,56.0,59.95
Sweden,SWE,1995,19.79,34.04,32.73,56.31,58.12
Sweden,SWE,1996,19.95,34.12,32.67,55.89,58.45
Sweden,SWE,1997,21.27,34.32,34.41,55.52,61.98
Sweden,SWE,1998,23.29,35.23,37.5,56.72,66.11
Sweden,SWE,1999,25.48,36.66,40.4,58.13,69.5
Sweden,SWE,2000,28.33,39.04,44.56,61.41,72.56
Sweden,SWE,2001,30.57,41.83,47.12,64.47,73.09
Sweden,SWE,2002,32.51,44.08,49.26,66.81,73.73
Sweden,SWE,2003,34.67,44.88,51.53,66.72,77.23
Sweden,SWE,2004,37.9,45.52,55.99,67.25,83.26
Sweden,SWE,2005,41.33,47.09,60.5,68.94,87.76
Sweden,SWE,2006,46.37,49.53,67.43,72.04,93.6
Sweden,SWE,2007,51.19,52.63,73.55,75.62,97.26
Sweden,SWE,2008,52.87,55.47,73.76,77.38,95.32
Sweden,SWE,2009,53.71,57.26,73.44,78.31,93.78
Sweden,SWE,2010,57.92,59.61,78.19,80.47,97.17
Sweden,SWE,2011,58.35,62.46,77.69,83.16,93.42
Sweden,SWE,2012,57.54,65.39,76.34,86.76,87.99
Sweden,SWE,2013,59.34,66.96,78.3,88.36,88.61
Sweden,SWE,2014,63.65,68.87,83.32,90.16,92.41
Sweden,SWE,2015,70.52,70.92,91.26,91.78,99.43
Sweden,SWE,2016,76.51,73.13,98.09,93.76,104.62
Sweden,SWE,2017,82.82,75.3,104.41,94.93,109.99
Sweden,SWE,2018,83.04,77.82,102.14,95.71,106.72
Sweden,SWE,2019,84.87,80.7,102.33,97.3,105.17
Sweden,SWE,2020,90.61,80.67,108.17,96.3,112.33
Sweden,SWE,2021,105.62,86.02,123.34,100.47,122.76
Sweden,SWE,2022,110.81,92.12,121.42,100.84,120.41
Sweden,SWE,2023,99.98,96.77,102.61,99.3,103.33
Sweden,SWE,2024,100.0,100.0,100.0,100.0,100.0
Sweden,SWE,2025,101.86,104.14,99.32,101.53,97.82
US,USA,1975,9.01,9.77,41.49,45.08,92.04
US,USA,1976,9.67,10.44,42.2,45.6,92.54
US,USA,1977,10.83,11.26,44.36,46.25,95.91
US,USA,1978,12.36,12.37,47.34,47.43,99.81
US,USA,1979,14.08,13.48,49.55,47.49,104.34
US,USA,1980,15.19,14.79,48.28,47.08,102.55
US,USA,1981,15.86,16.26,46.26,47.49,97.41
US,USA,1982,16.02,17.32,44.27,47.96,92.31
US,USA,1983,17.18,18.49,45.53,49.14,92.65
US,USA,1984,17.95,20.22,45.83,51.6,88.82
US,USA,1985,18.87,21.35,46.55,52.81,88.15
US,USA,1986,20.16,22.35,48.67,53.99,90.15
US,USA,1987,21.46,23.18,50.27,54.48,92.27
US,USA,1988,22.61,25.05,50.97,56.49,90.23
US,USA,1989,23.81,26.65,51.42,57.61,89.26
US,USA,1990,24.55,27.97,50.81,57.96,87.66
US,USA,1991,25.02,28.89,50.09,58.04,86.3
US,USA,1992,25.72,30.54,50.15,59.55,84.21
US,USA,1993,26.32,31.47,50.07,60.01,83.44
US,USA,1994,26.98,32.67,50.29,61.01,82.43
US,USA,1995,27.81,34.15,50.75,62.44,81.28
US,USA,1996,28.76,35.61,51.41,63.73,80.67
US,USA,1997,29.73,37.05,52.22,65.3,79.97
US,USA,1998,31.25,39.14,54.46,68.22,79.83
US,USA,1999,32.79,40.5,56.31,69.69,80.8
US,USA,2000,34.88,42.57,58.43,71.41,81.82
US,USA,2001,37.49,44.17,61.57,72.74,84.64
US,USA,2002,39.86,45.61,64.61,73.93,87.39
US,USA,2003,42.35,46.97,67.23,74.77,89.92
US,USA,2004,46.32,49.19,71.75,76.21,94.15
US,USA,2005,51.58,50.59,77.65,76.5,101.5
US,USA,2006,55.27,53.26,80.95,78.06,103.7
US,USA,2007,55.89,55.17,79.82,78.92,101.14
US,USA,2008,53.01,57.23,73.54,79.45,92.56
US,USA,2009,50.07,56.71,69.65,79.07,88.09
US,USA,2010,48.03,58.32,65.62,79.83,82.2
US,USA,2011,46.17,60.63,61.53,80.92,76.04
US,USA,2012,46.04,62.5,60.24,81.59,73.83
US,USA,2013,47.76,61.8,61.67,80.28,76.82
US,USA,2014,50.13,64.24,63.84,81.95,77.9
US,USA,2015,52.7,66.12,66.99,84.11,79.65
US,USA,2016,55.45,67.32,69.77,84.94,82.14
US,USA,2017,58.45,70.2,72.28,86.94,83.14
US,USA,2018,61.67,73.46,74.74,89.21,83.78
US,USA,2019,64.53,76.43,77.1,91.62,84.15
US,USA,2020,67.87,81.82,80.19,97.21,82.49
US,USA,2021,77.19,88.12,87.55,99.09,88.35
US,USA,2022,89.92,87.78,95.77,94.27,101.59
US,USA,2023,94.66,95.24,97.13,97.77,99.35
US,USA,2024,100.0,100.0,100.0,100.0,100.0
US,USA,2025,103.87,102.44,101.21,100.1,101.11
S. Africa,ZAF,1975,1.5,1.34,108.92,91.27,119.34
S. Africa,ZAF,1976,1.59,1.44,104.05,89.83,115.83
S. Africa,ZAF,1977,1.62,1.65,95.74,89.66,106.78
S. Africa,ZAF,1978,1.69,1.73,90.97,87.29,104.22
S. Africa,ZAF,1979,1.9,2.02,90.47,88.5,102.23
S. Africa,ZAF,1980,2.35,2.48,95.38,91.9,103.79
S. Africa,ZAF,1981,3.24,2.73,113.85,91.46,124.48
S. Africa,ZAF,1982,3.9,3.11,119.3,90.6,131.68
S. Africa,ZAF,1983,4.69,3.55,125.96,91.02,138.39
S. Africa,ZAF,1984,5.12,4.06,124.11,93.36,132.94
S. Africa,ZAF,1985,4.72,4.6,97.87,89.68,109.13
S. Africa,ZAF,1986,4.54,5.2,79.32,86.59,91.6
S. Africa,ZAF,1987,4.98,6.17,74.93,88.15,85.0
S. Africa,ZAF,1988,5.73,7.27,74.55,89.91,82.92
S. Africa,ZAF,1989,6.57,8.35,74.07,89.68,82.59
S. Africa,ZAF,1990,7.54,9.58,72.0,87.81,82.0
S. Africa,ZAF,1991,8.55,10.69,70.41,85.07,82.77
S. Africa,ZAF,1992,8.92,12.1,64.24,83.04,77.36
S. Africa,ZAF,1993,9.37,12.94,61.03,80.56,75.76
S. Africa,ZAF,1994,10.37,14.1,61.34,79.32,77.33
S. Africa,ZAF,1995,11.15,15.56,60.96,81.16,75.11
S. Africa,ZAF,1996,11.55,16.98,58.75,82.66,71.07
S. Africa,ZAF,1997,12.59,18.89,58.77,83.86,70.08
S. Africa,ZAF,1998,14.32,19.91,62.43,82.68,75.51
S. Africa,ZAF,1999,15.03,21.22,60.44,81.6,74.07
S. Africa,ZAF,2000,16.91,23.37,62.69,82.43,76.05
S. Africa,ZAF,2001,17.73,25.14,61.71,83.59,73.82
S. Africa,ZAF,2002,20.11,27.79,64.48,84.96,75.89
S. Africa,ZAF,2003,24.02,29.46,73.19,85.88,85.22
S. Africa,ZAF,2004,32.13,32.89,91.18,89.05,102.39
S. Africa,ZAF,2005,41.31,35.8,112.09,92.77,120.83
S. Africa,ZAF,2006,48.23,38.68,127.17,97.22,130.81
S. Africa,ZAF,2007,55.2,43.27,136.18,101.28,134.46
S. Africa,ZAF,2008,54.62,47.29,123.62,101.34,121.99
S. Africa,ZAF,2009,53.78,48.99,112.42,98.43,114.21
S. Africa,ZAF,2010,56.15,52.12,112.81,99.84,112.99
S. Africa,ZAF,2011,58.16,56.58,110.68,102.45,108.03
S. Africa,ZAF,2012,60.87,60.77,109.15,103.76,105.19
S. Africa,ZAF,2013,64.8,64.34,109.49,103.6,105.69
S. Africa,ZAF,2014,69.62,67.45,111.19,102.93,108.02
S. Africa,ZAF,2015,74.0,71.13,112.93,103.17,109.46
S. Africa,ZAF,2016,77.61,74.59,111.47,102.45,108.8
S. Africa,ZAF,2017,80.82,79.09,111.14,103.52,107.36
S. Africa,ZAF,2018,83.64,82.21,110.65,103.55,106.86
S. Africa,ZAF,2019,85.73,84.62,109.32,102.79,106.35
S. Africa,ZAF,2020,87.76,82.08,108.68,97.08,111.95
S. Africa,ZAF,2021,93.67,88.0,111.67,100.67,110.93
S. Africa,ZAF,2022,97.72,92.24,108.56,101.14,107.34
S. Africa,ZAF,2023,99.17,96.71,103.32,100.34,102.97
S. Africa,ZAF,2024,100.0,100.0,100.0,100.0,100.0
S. Africa,ZAF,2025,103.84,104.07,101.58,101.52,100.06
Croatia,HRV,1975,0.0,0.0,63.78,71.1,89.7
Croatia,HRV,1976,0.0,0.0,72.46,75.23,96.32
Croatia,HRV,1977,0.0,0.0,81.48,78.41,103.92
Croatia,HRV,1978,0.0,0.0,84.57,82.92,101.99
Croatia,HRV,1979,0.0,0.0,82.93,80.88,102.53
Croatia,HRV,1980,0.0,0.0,75.34,73.59,102.38
Croatia,HRV,1981,0.0,0.0,68.5,68.46,100.06
Croatia,HRV,1982,0.0,0.0,69.87,66.38,105.26
Croatia,HRV,1983,0.0,0.0,63.25,58.61,107.92
Croatia,HRV,1984,0.0,0.0,53.29,52.9,100.74
Croatia,HRV,1985,0.0,0.0,53.98,52.43,102.96
Croatia,HRV,1986,0.0,0.0,52.35,56.87,92.05
Croatia,HRV,1987,0.0,0.0,62.05,52.41,118.39
Croatia,HRV,1988,0.0,0.0,69.23,47.65,145.29
Croatia,HRV,1989,0.01,0.01,56.14,58.25,96.38
Croatia,HRV,1990,0.06,0.04,63.52,47.53,133.64
Croatia,HRV,1991,0.2,0.07,96.94,36.01,269.2
Croatia,HRV,1992,2.52,0.33,141.77,19.53,725.91
Croatia,HRV,1993,22.24,5.0,91.38,19.43,470.3
Croatia,HRV,1994,30.41,10.57,67.52,23.18,291.29
Croatia,HRV,1995,34.36,15.36,73.98,33.05,223.84
Croatia,HRV,1996,36.73,17.99,76.83,37.6,204.34
Croatia,HRV,1997,37.91,20.43,77.45,41.73,185.6
Croatia,HRV,1998,39.35,22.98,77.59,45.3,171.28
Croatia,HRV,1999,46.84,24.61,94.37,49.59,190.3
Croatia,HRV,2000,45.36,27.68,87.55,53.37,164.04
Croatia,HRV,2001,43.35,30.4,78.08,54.74,142.64
Croatia,HRV,2002,43.63,30.82,76.1,53.76,141.56
Croatia,HRV,2003,44.72,33.26,77.87,57.91,134.47
Croatia,HRV,2004,46.8,36.0,79.06,60.81,130.01
Croatia,HRV,2005,46.45,38.65,75.12,62.49,120.21
Croatia,HRV,2006,46.81,40.81,72.26,63.0,114.7
Croatia,HRV,2007,58.58,44.18,88.07,66.44,132.56
Croatia,HRV,2008,61.24,45.94,86.05,64.55,133.31
Croatia,HRV,2009,57.09,44.83,79.01,62.02,127.39
Croatia,HRV,2010,54.12,45.82,73.31,62.07,118.11
Croatia,HRV,2011,53.57,46.33,72.51,62.71,115.63
Croatia,HRV,2012,52.2,46.34,69.27,61.47,112.69
Croatia,HRV,2013,50.02,46.42,65.57,60.85,107.76
Croatia,HRV,2014,49.37,47.16,65.41,62.47,104.71
Croatia,HRV,2015,48.66,47.03,64.5,62.34,103.46
Croatia,HRV,2016,49.51,50.14,65.69,66.51,98.77
Croatia,HRV,2017,51.81,52.44,67.5,68.33,98.79
Croatia,HRV,2018,55.24,56.51,70.52,72.15,97.74
Croatia,HRV,2019,60.21,60.34,76.0,76.17,99.78
Croatia,HRV,2020,65.3,61.95,83.3,79.02,105.42
Croatia,HRV,2021,70.12,70.93,87.03,88.02,98.88
Croatia,HRV,2022,80.14,80.34,90.11,90.35,99.73
Croatia,HRV,2023,90.11,90.24,93.23,93.35,99.87
Croatia,HRV,2024,100.0,100.0,100.0,100.0,100.0
Croatia,HRV,2025,114.18,105.22,110.07,101.44,108.51
Israel,ISR,1975,0.0,0.0,26.36,35.37,74.53
Israel,ISR,1976,0.0,0.0,23.36,31.38,74.44
Israel,ISR,1977,0.0,0.0,20.94,31.1,67.33
Israel,ISR,1978,0.0,0.0,20.86,32.76,63.68
Israel,ISR,1979,0.01,0.01,26.49,32.46,81.61
Israel,ISR,1980,0.01,0.01,25.39,27.3,93.0
Israel,ISR,1981,0.03,0.03,26.85,31.22,86.0
Israel,ISR,1982,0.07,0.07,28.9,32.38,89.25
Israel,ISR,1983,0.17,0.17,28.42,28.95,98.17
Israel,ISR,1984,0.84,0.74,30.1,26.28,114.54
Israel,ISR,1985,3.34,3.09,29.76,27.82,106.97
Israel,ISR,1986,4.37,5.6,26.5,33.9,78.17
Israel,ISR,1987,5.04,7.48,25.61,37.96,67.47
Israel,ISR,1988,5.78,9.33,25.14,40.56,61.98
Israel,ISR,1989,7.61,11.47,27.75,41.91,66.21
Israel,ISR,1990,10.36,13.92,32.81,44.16,74.3
Israel,ISR,1991,13.58,17.31,36.68,46.83,78.33
Israel,ISR,1992,14.94,20.54,36.19,49.74,72.76
Israel,ISR,1993,17.89,22.8,39.27,50.04,78.48
Israel,ISR,1994,21.9,25.71,43.33,50.89,85.14
Israel,ISR,1995,25.21,28.71,49.27,56.13,87.78
Israel,ISR,1996,29.23,32.19,53.39,58.77,90.85
Israel,ISR,1997,31.92,35.2,54.63,60.25,90.67
Israel,ISR,1998,33.12,37.7,53.7,61.14,87.83
Israel,ISR,1999,34.5,38.34,53.07,58.97,89.99
Israel,ISR,2000,32.84,38.81,49.68,58.7,84.63
Israel,ISR,2001,31.7,40.36,47.55,60.53,78.56
Israel,ISR,2002,33.37,43.28,47.81,61.99,77.13
Israel,ISR,2003,31.48,42.64,45.03,60.99,73.83
Israel,ISR,2004,31.24,42.17,44.58,60.16,74.1
Israel,ISR,2005,31.31,44.69,43.93,62.69,70.07
Israel,ISR,2006,31.45,46.79,43.2,64.26,67.23
Israel,ISR,2007,30.97,49.25,42.07,66.91,62.88
Israel,ISR,2008,33.31,51.66,43.41,67.34,64.46
Israel,ISR,2009,37.87,54.2,48.12,68.88,69.86
Israel,ISR,2010,44.54,57.08,55.18,70.74,78.0
Israel,ISR,2011,49.22,60.49,59.26,72.81,81.39
Israel,ISR,2012,50.81,62.68,59.98,73.99,81.07
Israel,ISR,2013,55.43,65.29,64.13,75.53,84.91
Israel,ISR,2014,58.95,67.94,67.87,78.22,86.77
Israel,ISR,2015,62.4,69.09,72.14,79.86,90.33
Israel,ISR,2016,67.05,70.93,78.11,82.61,94.55
Israel,ISR,2017,69.67,72.57,81.16,84.53,96.01
Israel,ISR,2018,69.09,75.71,79.86,87.49,91.28
Israel,ISR,2019,70.4,79.5,80.75,91.18,88.56
Israel,ISR,2020,72.55,81.8,83.57,94.22,88.7
Israel,ISR,2021,78.67,84.49,89.41,96.03,93.11
Israel,ISR,2022,92.26,89.1,100.18,96.77,103.52
Israel,ISR,2023,95.41,95.58,98.52,98.67,99.85
Israel,ISR,2024,100.0,100.0,100.0,100.0,100.0
Israel,ISR,2025,102.24,100.09,100.35,98.23,102.16
Slovenia,SVN,1975,0.0,0.0,43.18,73.27,58.93
Slovenia,SVN,1976,0.0,0.0,47.41,84.17,56.33
Slovenia,SVN,1977,0.0,0.0,50.27,88.48,56.82
Slovenia,SVN,1978,0.0,0.0,52.05,93.27,55.81
Slovenia,SVN,1979,0.0,0.0,52.66,92.51,56.92
Slovenia,SVN,1980,0.0,0.0,48.86,79.69,61.31
Slovenia,SVN,1981,0.0,0.0,47.25,71.01,66.54
Slovenia,SVN,1982,0.0,0.0,48.19,68.15,70.71
Slovenia,SVN,1983,0.0,0.0,45.39,60.36,75.2
Slovenia,SVN,1984,0.0,0.0,42.63,58.37,73.03
Slovenia,SVN,1985,0.0,0.0,44.51,63.31,70.3
Slovenia,SVN,1986,0.0,0.0,45.52,70.79,64.3
Slovenia,SVN,1987,0.0,0.01,43.95,67.06,65.54
Slovenia,SVN,1988,0.02,0.02,45.49,59.1,76.97
Slovenia,SVN,1989,0.32,0.35,61.87,69.9,88.51
Slovenia,SVN,1990,1.49,1.47,51.32,51.17,100.29
Slovenia,SVN,1991,3.42,2.63,55.68,43.32,128.53
Slovenia,SVN,1992,11.0,7.79,58.62,41.71,140.54
Slovenia,SVN,1993,16.94,11.58,70.31,47.92,146.72
Slovenia,SVN,1994,16.91,14.8,58.04,50.73,114.41
Slovenia,SVN,1995,20.89,17.5,63.2,52.92,119.43
Slovenia,SVN,1996,20.69,20.07,57.0,55.26,103.15
Slovenia,SVN,1997,22.46,22.33,57.08,56.75,100.58
Slovenia,SVN,1998,25.07,24.45,59.07,57.59,102.57
Slovenia,SVN,1999,25.13,26.63,55.76,59.1,94.35
Slovenia,SVN,2000,28.51,29.15,58.11,59.37,97.88
Slovenia,SVN,2001,29.7,32.51,55.84,61.1,91.39
Slovenia,SVN,2002,31.36,35.6,54.85,62.28,88.07
Slovenia,SVN,2003,33.73,38.18,55.9,63.27,88.35
Slovenia,SVN,2004,37.19,40.36,59.5,64.57,92.15
Slovenia,SVN,2005,42.39,42.86,65.86,66.59,98.9
Slovenia,SVN,2006,50.52,44.91,76.65,68.16,112.46
Slovenia,SVN,2007,60.35,48.65,88.01,70.97,124.01
Slovenia,SVN,2008,64.57,52.37,89.23,72.38,123.28
Slovenia,SVN,2009,58.45,52.74,80.98,73.06,110.84
Slovenia,SVN,2010,58.53,52.81,79.45,71.68,110.84
Slovenia,SVN,2011,60.12,53.86,79.74,71.43,111.63
Slovenia,SVN,2012,55.97,52.73,73.14,68.89,106.17
Slovenia,SVN,2013,53.04,53.1,67.88,67.94,99.91
Slovenia,SVN,2014,49.54,53.94,63.47,69.1,91.85
Slovenia,SVN,2015,49.94,55.44,64.76,71.9,90.07
Slovenia,SVN,2016,51.56,58.47,67.41,76.45,88.18
Slovenia,SVN,2017,55.82,61.78,71.28,78.88,90.37
Slovenia,SVN,2018,60.7,66.33,75.94,82.98,91.52
Slovenia,SVN,2019,64.76,70.27,79.89,86.68,92.17
Slovenia,SVN,2020,67.74,72.4,84.63,90.45,93.57
Slovenia,SVN,2021,75.56,79.43,91.33,96.02,95.12
Slovenia,SVN,2022,86.71,87.82,95.23,96.44,98.75
Slovenia,SVN,2023,92.99,95.54,94.58,97.16,97.34
Slovenia,SVN,2024,100.0,100.0,100.0,100.0,100.0
Slovenia,SVN,2025,103.22,100.0,100.95,97.79,103.23
Colombia,COL,1975,0.34,0.1,181.47,51.06,355.41
Colombia,COL,1976,0.38,0.12,169.65,52.76,321.55
Colombia,COL,1977,0.43,0.16,149.93,54.56,274.8
Colombia,COL,1978,0.48,0.19,141.02,56.46,249.77
Colombia,COL,1979,0.56,0.24,131.5,57.28,229.57
Colombia,COL,1980,0.69,0.31,128.55,57.68,222.87
Colombia,COL,1981,0.91,0.38,135.72,56.8,238.94
Colombia,COL,1982,1.16,0.47,137.45,55.97,245.58
Colombia,COL,1983,1.32,0.56,129.04,54.86,235.22
Colombia,COL,1984,1.43,0.67,116.2,54.73,212.32
Colombia,COL,1985,1.55,0.82,101.88,53.54,190.29
Colombia,COL,1986,1.68,1.05,87.98,54.8,160.55
Colombia,COL,1987,1.87,1.34,76.61,54.67,140.13
Colombia,COL,1988,2.28,1.72,74.18,56.0,132.46
Colombia,COL,1989,2.99,2.13,78.14,55.63,140.46
Colombia,COL,1990,3.77,2.78,76.13,56.0,135.95
Colombia,COL,1991,4.57,3.67,71.77,57.51,124.8
Colombia,COL,1992,5.47,4.6,66.42,55.76,119.12
Colombia,COL,1993,6.81,5.88,66.38,57.36,115.73
Colombia,COL,1994,8.95,7.36,71.7,58.98,121.57
Colombia,COL,1995,11.55,8.99,78.1,60.83,128.39
Colombia,COL,1996,13.65,10.68,78.69,61.56,127.83
Colombia,COL,1997,15.28,12.42,75.15,61.05,123.1
Colombia,COL,1998,16.65,14.45,69.5,60.25,115.35
Colombia,COL,1999,16.69,15.82,62.48,59.16,105.61
Colombia,COL,2000,16.76,17.55,56.64,59.27,95.56
Colombia,COL,2001,17.29,19.17,53.94,59.78,90.23
Colombia,COL,2002,17.53,20.44,51.69,60.27,85.76
Colombia,COL,2003,17.97,22.23,49.83,61.63,80.85
Colombia,COL,2004,19.44,23.95,50.93,62.73,81.19
Colombia,COL,2005,21.28,25.26,53.42,63.42,84.23
Colombia,COL,2006,23.95,28.08,57.06,66.9,85.29
Colombia,COL,2007,27.8,31.0,63.14,70.41,89.67
Colombia,COL,2008,31.97,32.97,68.97,71.13,96.96
Colombia,COL,2009,35.35,34.55,73.21,71.56,102.31
Colombia,COL,2010,38.06,36.3,77.03,73.46,104.86
Colombia,COL,2011,41.27,39.51,79.08,75.71,104.45
Colombia,COL,2012,45.24,42.55,83.67,78.69,106.33
Colombia,COL,2013,49.51,45.16,89.54,81.68,109.62
Colombia,COL,2014,53.66,47.74,94.08,83.71,112.39
Colombia,COL,2015,58.34,51.69,96.31,85.34,112.85
Colombia,COL,2016,63.38,54.31,98.17,84.13,116.69
Colombia,COL,2017,67.85,57.52,101.47,86.01,117.97
Colombia,COL,2018,71.63,60.32,103.65,87.28,118.76
Colombia,COL,2019,74.86,62.96,104.22,87.65,118.9
Colombia,COL,2020,77.23,61.72,105.26,84.12,125.13
Colombia,COL,2021,81.29,68.9,103.66,87.78,118.09
Colombia,COL,2022,86.93,85.59,98.13,96.55,101.64
Colombia,COL,2023,92.96,93.85,97.84,98.76,99.07
Colombia,COL,2024,100.0,100.0,100.0,100.0,100.0
Colombia,COL,2025,108.7,106.41,103.43,101.25,102.15
Portugal,PRT,1975,1.59,1.45,63.04,57.4,109.83
Portugal,PRT,1976,1.96,1.73,66.25,58.53,113.19
Portugal,PRT,1977,2.4,2.23,69.29,64.18,107.96
Portugal,PRT,1978,2.77,2.79,61.45,62.08,98.99
Portugal,PRT,1979,3.45,3.58,64.64,67.0,96.48
Portugal,PRT,1980,4.52,4.46,66.19,65.48,101.08
Portugal,PRT,1981,5.49,5.43,68.59,67.74,101.25
Portugal,PRT,1982,6.45,6.62,65.67,67.45,97.36
Portugal,PRT,1983,8.21,7.96,69.62,67.53,103.09
Portugal,PRT,1984,10.0,9.95,64.98,64.71,100.42
Portugal,PRT,1985,11.95,12.07,63.18,63.71,99.17
Portugal,PRT,1986,13.05,13.95,58.86,62.98,93.46
Portugal,PRT,1987,14.22,16.0,57.93,65.14,88.93
Portugal,PRT,1988,16.23,17.87,59.64,65.73,90.73
Portugal,PRT,1989,19.17,20.34,62.84,66.79,94.09
Portugal,PRT,1990,22.05,24.45,64.24,71.21,90.21
Portugal,PRT,1991,26.32,28.4,68.84,74.29,92.66
Portugal,PRT,1992,29.59,31.37,69.69,73.84,94.38
Portugal,PRT,1993,29.97,32.87,65.61,71.98,91.15
Portugal,PRT,1994,30.65,34.23,63.01,70.41,89.49
Portugal,PRT,1995,31.12,36.11,61.62,71.52,86.16
Portugal,PRT,1996,31.63,38.16,60.89,73.44,82.91
Portugal,PRT,1997,32.78,40.1,61.22,74.96,81.67
Portugal,PRT,1998,34.24,42.57,62.38,77.58,80.41
Portugal,PRT,1999,37.31,44.8,66.34,79.66,83.28
Portugal,PRT,2000,40.2,46.59,68.88,79.84,86.27
Portugal,PRT,2001,42.38,48.66,69.94,80.33,87.07
Portugal,PRT,2002,42.64,50.54,68.02,80.63,84.36
Portugal,PRT,2003,43.11,52.06,66.38,80.2,82.77
Portugal,PRT,2004,43.38,53.84,65.26,80.99,80.58
Portugal,PRT,2005,44.37,55.87,64.28,80.98,79.38
Portugal,PRT,2006,45.3,57.91,63.39,81.07,78.19
Portugal,PRT,2007,45.51,59.92,61.59,81.09,75.95
Portugal,PRT,2008,42.64,61.65,56.13,81.22,69.11
Portugal,PRT,2009,42.02,62.68,56.41,84.1,67.07
Portugal,PRT,2010,42.13,63.28,55.52,83.43,66.55
Portugal,PRT,2011,39.98,62.8,51.77,81.33,63.65
Portugal,PRT,2012,37.53,62.2,47.69,79.1,60.29
Portugal,PRT,2013,36.26,62.25,45.67,78.42,58.24
Portugal,PRT,2014,36.67,63.19,46.08,79.44,58.01
Portugal,PRT,2015,37.47,65.12,46.73,81.23,57.53
Portugal,PRT,2016,39.4,67.33,48.6,83.07,58.5
Portugal,PRT,2017,42.84,69.71,52.01,84.68,61.42
Portugal,PRT,2018,49.45,72.6,59.07,86.77,68.08
Portugal,PRT,2019,56.8,75.21,67.24,89.04,75.52
Portugal,PRT,2020,63.42,76.65,74.77,90.39,82.72
Portugal,PRT,2021,67.52,80.26,78.01,92.78,84.08
Portugal,PRT,2022,79.7,86.04,85.81,92.77,92.5
Portugal,PRT,2023,90.76,93.28,93.25,95.83,97.31
Portugal,PRT,2024,100.0,100.0,100.0,100.0,100.0
Portugal,PRT,2025,118.82,101.97,115.88,99.62,116.32